{
    "loss": 0.5478591322898865,
    "accuracy": 0.9482758641242981
}